,score
0,1.0
1,-1.0
2,-1.0
3,0.0
4,-1.0
5,2.0
6,0.0
7,0.0
8,0.0
9,0.0
10,0.0
11,1.0
12,-2.0
13,-1.0
14,1.0
15,0.0
16,-2.0
17,-2.0
18,-2.0
19,-1.0
20,0.0
21,-1.0
22,0.0
23,-1.0
24,0.0
25,0.0
26,1.0
27,-1.0
28,1.0
29,0.0
30,-2.0
31,1.0
32,1.0
33,0.0
34,0.0
35,-1.0
36,0.0
37,0.0
38,-1.0
39,0.0
40,0.0
41,0.0
42,-1.0
43,0.0
44,4.0
45,2.0
46,1.0
47,-1.0
48,2.0
49,-1.0
50,3.0
51,0.0
52,0.0
53,0.0
54,1.0
55,-1.0
56,2.0
57,-2.0
58,0.0
59,1.0
60,0.0
61,0.0
62,1.0
63,0.0
64,0.0
65,-1.0
66,0.0
67,2.0
68,2.0
69,-1.0
70,-2.0
71,-1.0
72,0.0
73,-2.0
74,0.0
75,0.0
76,1.0
77,-1.0
78,1.0
79,1.0
80,1.0
81,1.0
82,-1.0
83,0.0
84,1.0
85,1.0
86,1.0
87,-1.0
88,0.0
89,1.0
90,1.0
91,1.0
92,2.0
93,3.0
94,2.0
95,0.0
96,2.0
97,4.0
98,1.0
99,0.0
100,6.0
101,4.0
102,0.0
103,1.0
104,2.0
105,0.0
106,3.0
107,1.0
108,3.0
109,2.0
110,4.0
111,2.0
112,5.0
113,2.0
114,2.0
115,1.0
116,2.0
117,0.0
118,2.0
119,-1.0
120,3.0
121,2.0
122,3.0
123,2.0
124,2.0
125,4.0
126,0.0
127,5.0
128,5.0
129,4.0
130,3.0
131,0.0
132,3.0
133,4.0
134,7.0
135,7.0
136,4.0
137,1.0
138,4.0
139,3.0
140,2.0
141,2.0
142,3.0
143,4.0
144,5.0
145,4.0
146,5.0
147,2.0
148,1.0
149,9.0
150,3.0
151,6.0
152,3.0
153,6.0
154,7.0
155,3.0
156,2.0
157,2.0
158,10.0
159,3.0
160,12.0
161,6.0
162,9.0
163,6.0
164,4.0
165,1.0
166,10.0
167,2.0
168,6.0
169,6.0
170,3.0
171,0.0
172,2.0
173,3.0
174,6.0
175,3.0
176,6.0
177,1.0
178,8.0
179,1.0
180,2.0
181,1.0
182,1.0
183,6.0
184,2.0
185,9.0
186,6.0
187,3.0
188,2.0
189,2.0
190,0.0
191,0.0
192,3.0
193,1.0
194,1.0
195,2.0
196,1.0
197,1.0
198,1.0
199,3.0
200,2.0
201,2.0
202,7.0
203,3.0
204,3.0
205,4.0
206,7.0
207,1.0
208,4.0
209,3.0
210,0.0
211,5.0
212,3.0
213,3.0
214,4.0
215,3.0
216,8.0
217,8.0
218,4.0
219,-1.0
220,4.0
221,0.0
222,6.0
223,5.0
224,5.0
225,1.0
226,5.0
227,1.0
228,2.0
229,3.0
230,4.0
231,3.0
232,5.0
233,12.0
234,6.0
235,3.0
236,4.0
237,6.0
238,3.0
239,6.0
240,5.0
241,5.0
242,3.0
243,0.0
244,6.0
245,4.0
246,2.0
247,4.0
248,5.0
249,6.0
250,2.0
251,3.0
252,3.0
253,8.0
254,5.0
255,2.0
256,8.0
257,8.0
258,2.0
259,6.0
260,4.0
261,3.0
262,6.0
263,5.0
264,11.0
265,13.0
266,2.0
267,10.0
268,9.0
269,1.0
270,9.0
271,8.0
272,9.0
273,9.0
274,11.0
275,5.0
276,9.0
277,7.0
278,1.0
279,12.0
280,10.0
281,4.0
282,7.0
283,10.0
284,10.0
285,9.0
286,6.0
287,17.0
288,5.0
289,2.0
290,16.0
291,10.0
292,10.0
293,5.0
294,10.0
295,12.0
296,7.0
297,4.0
298,11.0
299,11.0
300,12.0
301,16.0
302,10.0
303,10.0
304,9.0
305,11.0
306,15.0
307,8.0
308,5.0
309,10.0
310,9.0
311,13.0
312,5.0
313,7.0
314,11.0
315,13.0
316,11.0
317,8.0
318,14.0
319,11.0
320,3.0
321,9.0
322,9.0
323,10.0
324,7.0
325,7.0
326,14.0
327,11.0
328,9.0
329,6.0
330,9.0
331,11.0
332,6.0
333,13.0
334,15.0
335,10.0
336,10.0
337,14.0
338,7.0
339,9.0
340,9.0
341,9.0
342,8.0
343,1.0
344,12.0
345,12.0
346,11.0
347,9.0
348,11.0
349,18.0
350,10.0
351,7.0
352,10.0
353,14.0
354,12.0
355,7.0
356,10.0
357,18.0
358,7.0
359,18.0
360,11.0
361,9.0
362,4.0
363,13.0
364,12.0
365,9.0
366,4.0
367,11.0
368,16.0
369,12.0
370,14.0
371,7.0
372,12.0
373,12.0
374,22.0
375,6.0
376,11.0
377,6.0
378,12.0
379,12.0
380,15.0
381,13.0
382,13.0
383,14.0
384,10.0
385,12.0
386,6.0
387,7.0
388,10.0
389,7.0
390,10.0
391,14.0
392,8.0
393,13.0
394,11.0
395,12.0
396,8.0
397,12.0
398,7.0
399,7.0
400,8.0
401,11.0
402,14.0
403,7.0
404,8.0
405,16.0
406,19.0
407,11.0
408,15.0
409,8.0
410,14.0
411,14.0
412,11.0
413,8.0
414,11.0
415,6.0
416,15.0
417,10.0
418,13.0
419,14.0
420,13.0
421,11.0
422,14.0
423,15.0
424,14.0
425,8.0
426,11.0
427,14.0
428,17.0
429,8.0
430,4.0
431,14.0
432,9.0
433,13.0
434,11.0
435,12.0
436,10.0
437,13.0
438,8.0
439,14.0
440,15.0
441,5.0
442,16.0
443,15.0
444,13.0
445,14.0
446,11.0
447,9.0
448,11.0
449,10.0
450,19.0
451,16.0
452,13.0
453,14.0
454,13.0
455,13.0
456,14.0
457,11.0
458,11.0
459,17.0
460,20.0
461,13.0
462,15.0
463,10.0
464,15.0
465,15.0
466,12.0
467,14.0
468,20.0
469,14.0
470,13.0
471,9.0
472,17.0
473,16.0
474,15.0
475,14.0
476,20.0
477,11.0
478,15.0
479,15.0
480,9.0
481,13.0
482,10.0
483,14.0
484,5.0
485,15.0
486,15.0
487,12.0
488,9.0
489,13.0
490,13.0
491,13.0
492,12.0
493,10.0
494,14.0
495,13.0
496,11.0
497,13.0
498,11.0
499,18.0
500,17.0
501,18.0
502,18.0
503,15.0
504,15.0
505,10.0
506,15.0
507,16.0
508,18.0
509,11.0
510,15.0
511,14.0
512,18.0
513,13.0
514,17.0
515,15.0
516,15.0
517,11.0
518,13.0
519,11.0
520,3.0
521,12.0
522,14.0
523,18.0
524,14.0
525,12.0
526,11.0
527,6.0
528,18.0
529,10.0
530,13.0
531,13.0
532,17.0
533,8.0
534,14.0
535,4.0
536,13.0
537,12.0
538,15.0
539,11.0
540,15.0
541,16.0
542,13.0
543,14.0
544,5.0
545,10.0
546,13.0
547,19.0
548,15.0
549,11.0
550,13.0
551,7.0
552,14.0
553,14.0
554,12.0
555,9.0
556,10.0
557,18.0
558,12.0
559,13.0
560,13.0
561,15.0
562,14.0
563,19.0
564,13.0
565,14.0
566,10.0
567,6.0
568,13.0
569,17.0
570,14.0
571,15.0
572,15.0
573,11.0
574,13.0
575,13.0
576,19.0
577,14.0
578,11.0
579,13.0
580,19.0
581,16.0
582,17.0
583,12.0
584,17.0
585,11.0
586,10.0
587,10.0
588,11.0
589,12.0
590,14.0
591,9.0
592,8.0
593,11.0
594,20.0
595,12.0
596,12.0
597,17.0
598,15.0
599,11.0
600,12.0
601,12.0
602,16.0
603,12.0
604,10.0
605,6.0
606,9.0
607,14.0
608,9.0
609,13.0
610,13.0
611,12.0
612,12.0
613,15.0
614,6.0
615,12.0
616,15.0
617,16.0
618,9.0
619,16.0
620,13.0
621,13.0
622,11.0
623,12.0
624,14.0
625,14.0
626,15.0
627,14.0
628,14.0
629,6.0
630,14.0
631,17.0
632,16.0
633,12.0
634,10.0
635,11.0
636,16.0
637,16.0
638,11.0
639,13.0
640,12.0
641,16.0
642,14.0
643,15.0
644,16.0
645,11.0
646,16.0
647,16.0
648,14.0
649,17.0
650,18.0
651,14.0
652,19.0
653,19.0
654,15.0
655,8.0
656,10.0
657,13.0
658,16.0
659,14.0
660,13.0
661,16.0
662,12.0
663,17.0
664,16.0
665,10.0
666,12.0
667,3.0
668,9.0
669,10.0
670,17.0
671,12.0
672,16.0
673,11.0
674,12.0
675,17.0
676,10.0
677,9.0
678,7.0
679,0.0
680,12.0
681,8.0
682,0.0
683,3.0
684,0.0
685,1.0
686,13.0
687,-1.0
688,-1.0
689,0.0
690,0.0
691,12.0
692,4.0
693,16.0
694,4.0
695,11.0
696,10.0
697,8.0
698,12.0
699,14.0
700,9.0
701,5.0
702,12.0
703,13.0
704,13.0
705,10.0
706,2.0
707,9.0
708,11.0
709,5.0
710,2.0
711,3.0
712,12.0
713,8.0
714,1.0
715,4.0
716,5.0
717,1.0
718,-2.0
719,1.0
720,5.0
721,8.0
722,7.0
723,11.0
724,5.0
725,7.0
726,4.0
727,5.0
728,8.0
729,6.0
730,5.0
731,7.0
732,9.0
733,13.0
734,2.0
735,11.0
736,12.0
737,6.0
738,12.0
739,2.0
740,7.0
741,13.0
742,12.0
743,8.0
744,3.0
745,5.0
746,13.0
747,9.0
748,5.0
749,13.0
750,7.0
751,2.0
752,5.0
753,6.0
754,2.0
755,7.0
756,2.0
757,6.0
758,7.0
759,10.0
760,8.0
761,11.0
762,2.0
763,2.0
764,4.0
765,3.0
766,14.0
767,8.0
768,12.0
769,9.0
770,10.0
771,10.0
772,9.0
773,5.0
774,10.0
775,8.0
776,7.0
777,11.0
778,15.0
779,8.0
780,8.0
781,10.0
782,13.0
783,17.0
784,10.0
785,12.0
786,3.0
787,10.0
788,7.0
789,6.0
790,4.0
791,7.0
792,11.0
793,11.0
794,8.0
795,12.0
796,10.0
797,5.0
798,7.0
799,8.0
800,5.0
801,9.0
802,11.0
803,10.0
804,14.0
805,10.0
806,12.0
807,12.0
808,13.0
809,17.0
810,12.0
811,9.0
812,13.0
813,3.0
814,6.0
815,4.0
816,17.0
817,9.0
818,3.0
819,3.0
820,8.0
821,9.0
822,11.0
823,13.0
824,11.0
825,13.0
826,4.0
827,2.0
828,6.0
829,0.0
830,10.0
831,7.0
832,13.0
833,18.0
834,9.0
835,12.0
836,11.0
837,0.0
838,9.0
839,18.0
840,10.0
841,9.0
842,13.0
843,18.0
844,5.0
845,13.0
846,11.0
847,10.0
848,10.0
849,11.0
850,13.0
851,11.0
852,10.0
853,15.0
854,9.0
855,14.0
856,11.0
857,12.0
858,15.0
859,10.0
860,11.0
861,10.0
862,9.0
863,10.0
864,3.0
865,7.0
866,6.0
867,13.0
868,4.0
869,11.0
870,7.0
871,2.0
872,8.0
873,13.0
874,12.0
875,8.0
876,4.0
877,8.0
878,10.0
879,2.0
880,6.0
881,5.0
882,11.0
883,2.0
884,7.0
885,4.0
886,3.0
887,10.0
888,4.0
889,11.0
890,7.0
891,6.0
892,2.0
893,19.0
894,10.0
895,8.0
896,4.0
897,9.0
898,7.0
899,6.0
900,1.0
901,6.0
902,3.0
903,2.0
904,2.0
905,2.0
906,3.0
907,6.0
908,4.0
909,7.0
910,8.0
911,1.0
912,7.0
913,4.0
914,7.0
915,3.0
916,1.0
917,11.0
918,2.0
919,3.0
920,1.0
921,6.0
922,0.0
923,5.0
924,2.0
925,5.0
926,8.0
927,9.0
928,11.0
929,7.0
930,8.0
931,5.0
932,3.0
933,1.0
934,6.0
935,12.0
936,8.0
937,6.0
938,9.0
939,4.0
940,9.0
941,8.0
942,11.0
943,5.0
944,10.0
945,6.0
946,14.0
947,1.0
948,5.0
949,9.0
950,8.0
951,12.0
952,9.0
953,4.0
954,7.0
955,8.0
956,10.0
957,4.0
958,9.0
959,10.0
960,8.0
961,13.0
962,7.0
963,2.0
964,13.0
965,6.0
966,6.0
967,8.0
968,6.0
969,10.0
970,6.0
971,3.0
972,4.0
973,6.0
974,3.0
975,10.0
976,9.0
977,2.0
978,7.0
979,5.0
980,2.0
981,3.0
982,5.0
983,13.0
984,1.0
985,10.0
986,3.0
987,4.0
988,10.0
989,7.0
990,1.0
991,12.0
992,6.0
993,6.0
994,6.0
995,7.0
996,7.0
997,10.0
998,6.0
999,7.0
1000,10.0
1001,2.0
1002,8.0
1003,10.0
1004,9.0
1005,9.0
1006,5.0
1007,6.0
1008,7.0
1009,7.0
1010,8.0
1011,5.0
1012,6.0
1013,7.0
1014,0.0
1015,1.0
1016,-2.0
1017,4.0
1018,5.0
1019,2.0
1020,7.0
1021,4.0
1022,10.0
1023,8.0
1024,6.0
1025,7.0
1026,6.0
1027,5.0
1028,9.0
1029,7.0
1030,0.0
1031,7.0
1032,1.0
1033,5.0
1034,7.0
1035,3.0
1036,-1.0
1037,6.0
1038,4.0
1039,5.0
1040,1.0
1041,9.0
1042,3.0
1043,1.0
1044,4.0
1045,1.0
1046,2.0
1047,0.0
1048,-1.0
1049,0.0
1050,-1.0
1051,2.0
1052,3.0
1053,3.0
1054,1.0
1055,2.0
1056,-1.0
1057,-1.0
1058,3.0
1059,-2.0
1060,-1.0
1061,2.0
1062,1.0
1063,0.0
1064,-1.0
1065,1.0
1066,-1.0
1067,3.0
1068,-1.0
1069,-3.0
1070,2.0
1071,-1.0
1072,0.0
1073,3.0
1074,2.0
1075,4.0
1076,1.0
1077,1.0
1078,1.0
1079,-1.0
1080,3.0
1081,1.0
1082,2.0
1083,1.0
1084,0.0
1085,2.0
1086,1.0
1087,3.0
1088,-1.0
1089,0.0
1090,3.0
1091,3.0
1092,-3.0
1093,-2.0
1094,4.0
1095,-2.0
1096,2.0
1097,-1.0
1098,0.0
1099,-2.0
1100,1.0
1101,1.0
1102,3.0
1103,2.0
1104,2.0
1105,3.0
1106,2.0
1107,3.0
1108,2.0
1109,4.0
1110,3.0
1111,1.0
1112,3.0
1113,1.0
1114,2.0
1115,-1.0
1116,6.0
1117,0.0
1118,0.0
1119,-2.0
1120,1.0
1121,1.0
1122,0.0
1123,0.0
1124,1.0
1125,3.0
1126,0.0
1127,0.0
1128,1.0
1129,6.0
1130,1.0
1131,0.0
1132,0.0
1133,0.0
1134,-1.0
1135,2.0
1136,-3.0
1137,1.0
1138,3.0
1139,-1.0
1140,-1.0
1141,2.0
1142,-3.0
1143,-1.0
1144,2.0
1145,2.0
1146,0.0
1147,3.0
1148,3.0
1149,-2.0
1150,0.0
1151,3.0
1152,1.0
1153,-2.0
1154,3.0
1155,5.0
1156,1.0
1157,0.0
1158,2.0
1159,0.0
1160,2.0
1161,-4.0
1162,3.0
1163,0.0
1164,0.0
1165,0.0
1166,2.0
1167,-2.0
1168,0.0
1169,3.0
1170,3.0
1171,-1.0
1172,-1.0
1173,0.0
1174,0.0
1175,2.0
1176,4.0
1177,0.0
1178,-1.0
1179,-2.0
1180,2.0
1181,1.0
1182,-2.0
1183,0.0
1184,3.0
1185,2.0
1186,-3.0
1187,0.0
1188,-2.0
1189,0.0
1190,0.0
1191,2.0
1192,1.0
1193,0.0
1194,-2.0
1195,0.0
1196,-4.0
1197,0.0
1198,1.0
1199,2.0
1200,1.0
1201,3.0
1202,1.0
1203,3.0
1204,2.0
1205,0.0
1206,1.0
1207,1.0
1208,3.0
1209,0.0
1210,0.0
1211,-1.0
1212,0.0
1213,0.0
1214,-1.0
1215,1.0
1216,0.0
1217,0.0
1218,0.0
1219,2.0
1220,0.0
1221,0.0
1222,-2.0
1223,0.0
1224,0.0
1225,0.0
1226,0.0
1227,1.0
1228,-1.0
1229,-1.0
1230,2.0
1231,3.0
1232,3.0
1233,1.0
1234,0.0
1235,0.0
1236,0.0
1237,0.0
1238,0.0
1239,0.0
1240,0.0
1241,0.0
1242,-2.0
1243,1.0
1244,-1.0
1245,-1.0
1246,0.0
1247,0.0
1248,-2.0
1249,0.0
1250,0.0
1251,0.0
1252,-1.0
1253,0.0
1254,0.0
1255,0.0
1256,1.0
1257,1.0
1258,-3.0
1259,1.0
1260,1.0
1261,4.0
1262,0.0
1263,-1.0
1264,1.0
1265,1.0
1266,4.0
1267,1.0
1268,0.0
1269,0.0
1270,-1.0
1271,3.0
1272,0.0
1273,-1.0
1274,0.0
1275,1.0
1276,-4.0
1277,-3.0
1278,0.0
1279,-2.0
1280,1.0
1281,-3.0
1282,-1.0
1283,0.0
1284,0.0
1285,1.0
1286,-2.0
1287,-1.0
1288,2.0
1289,0.0
1290,0.0
1291,-1.0
1292,0.0
1293,1.0
1294,-1.0
1295,0.0
1296,0.0
1297,0.0
1298,0.0
1299,0.0
1300,-2.0
1301,0.0
1302,0.0
1303,0.0
1304,0.0
1305,-1.0
1306,2.0
1307,0.0
1308,-1.0
1309,3.0
1310,0.0
1311,3.0
1312,-1.0
1313,0.0
1314,0.0
1315,0.0
1316,1.0
1317,0.0
1318,1.0
1319,0.0
1320,0.0
1321,0.0
1322,0.0
1323,0.0
1324,0.0
1325,-2.0
1326,-1.0
1327,0.0
1328,-2.0
1329,1.0
1330,0.0
1331,2.0
1332,0.0
1333,0.0
1334,2.0
1335,0.0
1336,1.0
1337,0.0
1338,0.0
1339,1.0
1340,-2.0
1341,-1.0
1342,0.0
1343,0.0
1344,-2.0
1345,0.0
1346,1.0
1347,-1.0
1348,0.0
1349,0.0
1350,0.0
1351,-1.0
1352,2.0
1353,-1.0
1354,1.0
1355,0.0
1356,4.0
1357,-2.0
1358,-2.0
1359,0.0
1360,0.0
1361,0.0
1362,-1.0
1363,-1.0
1364,1.0
1365,2.0
1366,-1.0
1367,0.0
1368,-2.0
1369,1.0
1370,0.0
1371,1.0
1372,1.0
1373,0.0
1374,2.0
1375,1.0
1376,1.0
1377,0.0
1378,1.0
1379,1.0
1380,2.0
1381,3.0
1382,-1.0
1383,0.0
1384,1.0
1385,2.0
1386,-1.0
1387,-2.0
1388,0.0
1389,1.0
1390,-3.0
1391,1.0
1392,-2.0
1393,2.0
1394,0.0
1395,-1.0
1396,2.0
1397,3.0
1398,0.0
1399,-1.0
1400,0.0
1401,0.0
1402,0.0
1403,1.0
1404,1.0
1405,1.0
1406,1.0
1407,0.0
1408,1.0
1409,1.0
1410,1.0
1411,0.0
1412,-1.0
1413,0.0
1414,1.0
1415,0.0
1416,-1.0
1417,0.0
1418,0.0
1419,2.0
1420,7.0
1421,-3.0
1422,0.0
1423,1.0
1424,-9.0
1425,1.0
1426,2.0
1427,0.0
1428,3.0
1429,-1.0
1430,0.0
1431,1.0
1432,-1.0
1433,-2.0
1434,-3.0
1435,1.0
1436,1.0
1437,-1.0
1438,1.0
1439,-2.0
1440,-1.0
1441,-2.0
1442,2.0
1443,-2.0
1444,0.0
1445,-1.0
1446,0.0
1447,0.0
1448,-2.0
1449,-1.0
1450,2.0
1451,0.0
1452,2.0
1453,-1.0
1454,0.0
1455,0.0
1456,0.0
1457,-1.0
1458,0.0
1459,1.0
1460,0.0
1461,0.0
1462,0.0
1463,0.0
1464,0.0
1465,0.0
1466,1.0
1467,0.0
1468,0.0
1469,0.0
1470,0.0
1471,0.0
1472,0.0
1473,-1.0
1474,0.0
1475,0.0
1476,0.0
1477,-3.0
1478,1.0
1479,0.0
1480,0.0
1481,0.0
1482,0.0
1483,0.0
1484,0.0
1485,0.0
1486,0.0
1487,1.0
1488,0.0
1489,-1.0
1490,0.0
1491,0.0
1492,-1.0
1493,0.0
1494,1.0
1495,1.0
1496,-1.0
1497,0.0
1498,-2.0
1499,0.0
1500,0.0
1501,0.0
1502,1.0
1503,-1.0
1504,0.0
1505,5.0
1506,1.0
1507,-1.0
1508,0.0
1509,0.0
1510,-1.0
1511,-3.0
1512,-1.0
1513,2.0
1514,-2.0
1515,0.0
1516,1.0
1517,0.0
1518,1.0
1519,0.0
1520,3.0
1521,0.0
1522,0.0
1523,6.0
1524,-1.0
1525,-1.0
1526,-2.0
1527,0.0
1528,3.0
1529,0.0
1530,-2.0
1531,1.0
1532,-3.0
1533,1.0
1534,3.0
1535,0.0
1536,1.0
1537,1.0
1538,-1.0
1539,-1.0
1540,-1.0
1541,1.0
1542,1.0
1543,0.0
1544,0.0
1545,0.0
1546,0.0
1547,3.0
1548,2.0
1549,0.0
1550,-2.0
1551,0.0
1552,-2.0
1553,-1.0
1554,0.0
1555,0.0
1556,0.0
1557,0.0
1558,-1.0
1559,-2.0
1560,-1.0
1561,0.0
1562,-1.0
1563,1.0
1564,2.0
1565,1.0
1566,0.0
1567,-1.0
1568,-3.0
1569,0.0
1570,1.0
1571,1.0
1572,0.0
1573,0.0
1574,-1.0
1575,-1.0
1576,-2.0
1577,0.0
1578,-2.0
1579,1.0
1580,0.0
1581,0.0
1582,1.0
1583,-1.0
1584,1.0
1585,1.0
1586,-2.0
1587,-1.0
1588,0.0
1589,1.0
1590,1.0
1591,0.0
1592,1.0
1593,3.0
1594,0.0
1595,1.0
1596,-2.0
1597,2.0
1598,0.0
1599,-1.0
1600,-2.0
1601,0.0
1602,3.0
1603,-2.0
1604,1.0
1605,1.0
1606,-1.0
1607,1.0
1608,0.0
1609,1.0
1610,0.0
1611,1.0
1612,1.0
1613,3.0
1614,2.0
1615,0.0
1616,1.0
1617,1.0
1618,-1.0
1619,0.0
1620,-1.0
1621,0.0
1622,0.0
1623,0.0
1624,-1.0
1625,0.0
1626,-1.0
1627,1.0
1628,0.0
1629,1.0
1630,-3.0
1631,-1.0
1632,-1.0
1633,1.0
1634,0.0
1635,0.0
1636,0.0
1637,0.0
1638,-1.0
1639,-2.0
1640,1.0
1641,1.0
1642,2.0
1643,0.0
1644,3.0
1645,0.0
1646,-1.0
1647,0.0
1648,0.0
1649,0.0
1650,-1.0
1651,0.0
1652,-2.0
1653,0.0
1654,-1.0
1655,0.0
1656,1.0
1657,0.0
1658,-1.0
1659,1.0
1660,-1.0
1661,0.0
1662,0.0
1663,1.0
1664,1.0
1665,0.0
1666,2.0
1667,-1.0
1668,0.0
1669,1.0
1670,0.0
1671,1.0
1672,-1.0
1673,0.0
1674,1.0
1675,0.0
1676,1.0
1677,-1.0
1678,1.0
1679,1.0
1680,0.0
1681,2.0
1682,1.0
1683,1.0
1684,-1.0
1685,0.0
1686,1.0
1687,-1.0
1688,2.0
1689,0.0
1690,0.0
1691,0.0
1692,0.0
1693,0.0
1694,2.0
1695,1.0
1696,-2.0
1697,1.0
1698,2.0
1699,3.0
1700,-1.0
1701,-1.0
1702,0.0
1703,-1.0
1704,3.0
1705,0.0
1706,0.0
1707,-1.0
1708,2.0
1709,2.0
1710,-1.0
1711,-1.0
1712,2.0
1713,0.0
1714,-1.0
1715,0.0
1716,-1.0
1717,0.0
1718,-1.0
1719,1.0
1720,1.0
1721,2.0
1722,0.0
1723,0.0
1724,0.0
1725,-1.0
1726,1.0
1727,0.0
1728,1.0
1729,1.0
1730,-2.0
1731,0.0
1732,-2.0
1733,-4.0
1734,0.0
1735,0.0
1736,3.0
1737,0.0
1738,0.0
1739,3.0
1740,-1.0
1741,-1.0
1742,-1.0
1743,-3.0
1744,-1.0
1745,2.0
1746,0.0
1747,3.0
1748,0.0
1749,0.0
1750,0.0
1751,-1.0
1752,0.0
1753,0.0
1754,-1.0
1755,1.0
1756,1.0
1757,-1.0
1758,1.0
1759,0.0
1760,-2.0
1761,0.0
1762,1.0
1763,0.0
1764,2.0
1765,-2.0
1766,-1.0
1767,-2.0
1768,0.0
1769,-1.0
1770,-1.0
1771,-1.0
1772,1.0
1773,1.0
1774,0.0
1775,0.0
1776,1.0
1777,0.0
1778,0.0
1779,-1.0
1780,0.0
1781,1.0
1782,-1.0
1783,0.0
1784,0.0
1785,0.0
1786,0.0
1787,-1.0
1788,0.0
1789,0.0
1790,-1.0
1791,0.0
1792,0.0
1793,1.0
1794,0.0
1795,0.0
1796,-1.0
1797,-3.0
1798,-1.0
1799,0.0
1800,1.0
1801,0.0
1802,1.0
1803,-1.0
1804,0.0
1805,0.0
1806,2.0
1807,0.0
1808,2.0
1809,0.0
1810,-1.0
1811,0.0
1812,-2.0
1813,-1.0
1814,1.0
1815,0.0
1816,0.0
1817,0.0
1818,0.0
1819,2.0
1820,0.0
1821,-2.0
1822,0.0
1823,1.0
1824,0.0
1825,0.0
1826,0.0
1827,-1.0
1828,0.0
1829,2.0
1830,-1.0
1831,0.0
1832,0.0
1833,0.0
1834,0.0
1835,-2.0
1836,0.0
1837,2.0
1838,0.0
1839,-1.0
1840,0.0
1841,0.0
1842,-1.0
1843,0.0
1844,0.0
1845,0.0
1846,0.0
1847,1.0
1848,1.0
1849,0.0
1850,0.0
1851,-1.0
1852,-2.0
1853,0.0
1854,-1.0
1855,0.0
1856,0.0
1857,-2.0
1858,0.0
1859,-2.0
1860,-1.0
1861,0.0
1862,0.0
1863,-1.0
1864,2.0
1865,0.0
1866,0.0
1867,1.0
1868,0.0
1869,2.0
1870,0.0
1871,-1.0
1872,0.0
1873,-1.0
1874,1.0
1875,-1.0
1876,0.0
1877,0.0
1878,0.0
1879,1.0
1880,0.0
1881,1.0
1882,2.0
1883,0.0
1884,0.0
1885,0.0
1886,1.0
1887,0.0
1888,0.0
1889,2.0
1890,-1.0
1891,0.0
1892,1.0
1893,1.0
1894,1.0
1895,1.0
1896,0.0
1897,0.0
1898,0.0
1899,-1.0
1900,1.0
1901,0.0
1902,0.0
1903,0.0
1904,1.0
1905,0.0
1906,-1.0
1907,0.0
1908,0.0
1909,0.0
1910,0.0
1911,1.0
1912,2.0
1913,0.0
1914,-1.0
1915,1.0
1916,2.0
1917,0.0
1918,0.0
1919,2.0
1920,3.0
1921,0.0
1922,0.0
1923,-1.0
1924,1.0
1925,3.0
1926,2.0
1927,-1.0
1928,1.0
1929,1.0
1930,0.0
1931,2.0
1932,1.0
1933,-2.0
1934,0.0
1935,0.0
1936,0.0
1937,0.0
1938,-4.0
1939,5.0
1940,-1.0
1941,2.0
1942,3.0
1943,1.0
1944,0.0
1945,0.0
1946,0.0
1947,0.0
1948,1.0
1949,2.0
1950,0.0
1951,2.0
1952,1.0
1953,-1.0
1954,0.0
1955,-1.0
1956,0.0
1957,-2.0
1958,-1.0
1959,-3.0
1960,0.0
1961,2.0
1962,1.0
1963,0.0
1964,-1.0
1965,-2.0
1966,-1.0
1967,0.0
1968,0.0
1969,1.0
1970,-1.0
1971,-2.0
1972,0.0
1973,-2.0
1974,0.0
1975,0.0
1976,1.0
1977,0.0
1978,1.0
1979,2.0
1980,1.0
1981,1.0
1982,-1.0
1983,1.0
1984,-1.0
1985,1.0
1986,0.0
1987,-1.0
1988,0.0
1989,-1.0
1990,0.0
1991,0.0
1992,0.0
1993,1.0
1994,0.0
1995,2.0
1996,-1.0
1997,1.0
1998,0.0
1999,2.0
2000,1.0
2001,0.0
2002,0.0
2003,2.0
2004,-2.0
2005,0.0
2006,0.0
2007,0.0
2008,0.0
2009,0.0
2010,0.0
2011,0.0
2012,2.0
2013,0.0
2014,1.0
2015,-1.0
2016,3.0
2017,-1.0
2018,1.0
2019,1.0
2020,-1.0
2021,-1.0
2022,1.0
2023,-2.0
2024,0.0
2025,0.0
2026,-1.0
2027,0.0
2028,0.0
2029,0.0
2030,3.0
2031,-1.0
2032,0.0
2033,0.0
2034,-1.0
2035,0.0
2036,1.0
2037,0.0
2038,0.0
2039,1.0
2040,1.0
2041,1.0
2042,0.0
2043,1.0
2044,-1.0
2045,0.0
2046,1.0
2047,0.0
2048,1.0
2049,0.0
2050,0.0
2051,0.0
2052,4.0
2053,-1.0
2054,0.0
2055,0.0
2056,0.0
2057,0.0
2058,0.0
2059,-1.0
2060,1.0
2061,0.0
2062,0.0
2063,1.0
2064,-1.0
2065,0.0
2066,-1.0
2067,0.0
2068,0.0
2069,0.0
2070,0.0
2071,1.0
2072,1.0
2073,0.0
2074,-1.0
2075,-1.0
2076,0.0
2077,1.0
2078,0.0
2079,-1.0
2080,1.0
2081,0.0
2082,2.0
2083,2.0
2084,1.0
2085,1.0
2086,2.0
2087,0.0
2088,-1.0
2089,2.0
2090,0.0
2091,0.0
2092,1.0
2093,0.0
2094,0.0
2095,-1.0
2096,1.0
2097,0.0
2098,0.0
2099,0.0
2100,0.0
2101,-1.0
2102,-2.0
2103,0.0
2104,0.0
2105,0.0
2106,0.0
2107,-1.0
2108,-1.0
2109,1.0
2110,-1.0
2111,0.0
2112,1.0
2113,-1.0
2114,0.0
2115,-1.0
2116,-2.0
2117,0.0
2118,0.0
2119,-3.0
2120,-1.0
2121,0.0
2122,-2.0
2123,0.0
2124,0.0
2125,-1.0
2126,-1.0
2127,0.0
2128,1.0
2129,1.0
2130,0.0
2131,1.0
2132,0.0
2133,0.0
2134,0.0
2135,-1.0
2136,1.0
2137,-1.0
2138,-1.0
2139,1.0
2140,0.0
2141,0.0
2142,0.0
2143,0.0
2144,0.0
2145,0.0
2146,2.0
2147,1.0
2148,0.0
2149,0.0
2150,1.0
2151,1.0
2152,1.0
2153,0.0
2154,0.0
2155,-1.0
2156,0.0
2157,4.0
2158,1.0
2159,0.0
2160,-1.0
2161,1.0
2162,-1.0
2163,-2.0
2164,0.0
2165,1.0
2166,-1.0
2167,1.0
2168,0.0
2169,1.0
2170,0.0
2171,0.0
2172,1.0
2173,2.0
2174,0.0
2175,-2.0
2176,0.0
2177,0.0
2178,1.0
2179,-1.0
2180,-2.0
2181,1.0
2182,3.0
2183,0.0
2184,0.0
2185,0.0
2186,1.0
2187,-1.0
2188,-1.0
2189,1.0
2190,1.0
2191,0.0
2192,0.0
2193,0.0
2194,2.0
2195,0.0
2196,-1.0
2197,0.0
2198,0.0
2199,-1.0
2200,1.0
2201,0.0
2202,0.0
2203,-1.0
2204,0.0
2205,1.0
2206,1.0
2207,0.0
2208,0.0
2209,2.0
2210,1.0
2211,0.0
2212,2.0
2213,0.0
2214,0.0
2215,1.0
2216,1.0
2217,0.0
2218,0.0
2219,1.0
2220,0.0
2221,0.0
2222,-1.0
2223,-1.0
2224,0.0
2225,0.0
2226,0.0
2227,-1.0
2228,0.0
2229,0.0
2230,0.0
2231,0.0
2232,0.0
2233,1.0
2234,0.0
2235,-1.0
2236,1.0
2237,0.0
2238,0.0
2239,0.0
2240,0.0
2241,0.0
2242,0.0
2243,0.0
2244,0.0
2245,0.0
2246,1.0
2247,0.0
2248,-2.0
2249,0.0
2250,0.0
2251,0.0
2252,-1.0
2253,0.0
2254,0.0
2255,0.0
2256,0.0
2257,1.0
2258,0.0
2259,1.0
2260,0.0
2261,0.0
2262,-2.0
2263,0.0
2264,-1.0
2265,0.0
2266,0.0
2267,-1.0
2268,0.0
2269,0.0
2270,1.0
2271,0.0
2272,0.0
2273,1.0
2274,0.0
2275,0.0
2276,-2.0
2277,-1.0
2278,1.0
2279,0.0
2280,0.0
2281,0.0
2282,0.0
2283,-1.0
2284,0.0
2285,1.0
2286,0.0
2287,0.0
2288,0.0
2289,0.0
2290,0.0
2291,0.0
2292,0.0
2293,2.0
2294,0.0
2295,-1.0
2296,0.0
2297,-1.0
2298,1.0
2299,0.0
2300,0.0
2301,-1.0
2302,1.0
2303,1.0
2304,1.0
2305,0.0
2306,0.0
2307,-1.0
2308,0.0
2309,0.0
2310,0.0
2311,0.0
2312,0.0
2313,0.0
2314,0.0
2315,0.0
2316,0.0
2317,0.0
2318,2.0
2319,0.0
2320,0.0
2321,0.0
2322,-2.0
2323,-1.0
2324,-1.0
2325,0.0
2326,0.0
2327,0.0
2328,0.0
2329,-1.0
2330,0.0
2331,1.0
2332,2.0
2333,0.0
2334,2.0
2335,1.0
2336,1.0
2337,-1.0
2338,1.0
2339,1.0
2340,0.0
2341,1.0
2342,0.0
2343,0.0
2344,1.0
2345,1.0
2346,0.0
2347,0.0
2348,0.0
2349,0.0
2350,-3.0
2351,-1.0
2352,-1.0
2353,2.0
2354,0.0
2355,1.0
2356,0.0
2357,0.0
2358,0.0
2359,0.0
2360,0.0
2361,-1.0
2362,1.0
2363,0.0
2364,0.0
2365,-1.0
2366,1.0
2367,-2.0
2368,0.0
2369,2.0
2370,0.0
2371,0.0
2372,0.0
2373,-1.0
2374,0.0
2375,1.0
2376,0.0
2377,0.0
2378,0.0
2379,0.0
2380,0.0
2381,0.0
2382,0.0
2383,-1.0
2384,0.0
2385,0.0
2386,0.0
2387,0.0
2388,2.0
2389,0.0
2390,0.0
2391,0.0
2392,0.0
2393,-1.0
2394,0.0
2395,1.0
2396,1.0
2397,0.0
2398,0.0
2399,0.0
2400,1.0
2401,0.0
2402,0.0
2403,0.0
2404,1.0
2405,0.0
2406,1.0
2407,1.0
2408,0.0
2409,0.0
2410,-1.0
2411,0.0
2412,-1.0
2413,0.0
2414,0.0
2415,0.0
2416,2.0
2417,0.0
2418,0.0
2419,0.0
2420,0.0
2421,0.0
2422,0.0
2423,0.0
2424,-2.0
2425,-1.0
2426,-1.0
2427,-1.0
2428,0.0
2429,0.0
2430,0.0
2431,-1.0
2432,0.0
2433,-1.0
2434,0.0
2435,2.0
2436,0.0
2437,0.0
2438,0.0
2439,0.0
2440,0.0
2441,0.0
2442,1.0
2443,1.0
2444,0.0
2445,0.0
2446,-1.0
2447,0.0
2448,-2.0
2449,-1.0
2450,0.0
2451,2.0
2452,0.0
2453,0.0
2454,-1.0
2455,1.0
2456,0.0
2457,0.0
2458,0.0
2459,1.0
2460,-2.0
2461,0.0
2462,0.0
2463,0.0
2464,0.0
2465,-1.0
2466,1.0
2467,0.0
2468,0.0
2469,0.0
2470,0.0
2471,-1.0
2472,1.0
2473,0.0
2474,0.0
2475,-1.0
2476,0.0
2477,1.0
2478,0.0
2479,0.0
2480,1.0
2481,1.0
2482,0.0
2483,0.0
2484,-2.0
2485,0.0
2486,0.0
2487,0.0
2488,0.0
2489,-1.0
2490,0.0
2491,0.0
2492,0.0
2493,0.0
2494,-2.0
2495,0.0
2496,0.0
2497,1.0
2498,0.0
2499,0.0
